date,plate,assay_format,species,blood_num,s1.1,s1.2,s2.1,s2.2
8/24/2023,A01,100,TRES,B571,D3,D4,NA,NA
8/24/2023,A01,100,TRES,B536,F3,F4,NA,NA
8/24/2023,A01,100,TRES,B537,G3,G4,H3,H4
8/24/2023,A01,100,TRES,B538,A5,A6,B5,B6
8/24/2023,A01,100,TRES,B539,C5,C6,D5,D6
8/24/2023,A01,100,TRES,B541,E5,E6,F5,F6
8/24/2023,A01,100,TRES,B542,G5,G6,NA,NA
8/24/2023,A01,100,TRES,B544,H5,H6,A7,A8
8/24/2023,A01,100,TRES,B546,B7,B8,C7,C8
8/24/2023,A01,100,TRES,B548,D7,D8,E7,E8
8/24/2023,A01,100,TRES,B549,F7,F8,G7,G8
8/24/2023,A01,100,TRES,B550,H7,H8,A9,A10
8/24/2023,A01,100,TRES,B553,B9,B10,C9,C10
8/24/2023,A01,100,TRES,B554,D9,D10,E9,E10
8/24/2023,A01,100,TRES,B555,F9,F10,G9,G10
8/24/2023,A01,100,TRES,B561,H9,H10,A11,A12
8/24/2023,A01,100,TRES,B562,B11,B12,C11,C12
8/24/2023,A01,100,TRES,B563,D11,D12,E11,E12
8/24/2023,A01,100,TRES,B564,F11,F12,G11,G12
8/24/2023,A01,100,TRES,B565,H11,H12,E3,E4
8/24/2023,A01,100,NA,std1,C1,C2,NA,NA
8/24/2023,A01,100,NA,std2,D1,D2,NA,NA
8/24/2023,A01,100,NA,std3,E1,E2,NA,NA
8/24/2023,A01,100,NA,std4,F1,F2,NA,NA
8/24/2023,A01,100,NA,std5,G1,G2,NA,NA
8/24/2023,A01,100,NA,std6,H1,H2,NA,NA
8/24/2023,A01,100,NA,std7,A3,A4,NA,NA
8/24/2023,A01,100,NA,std8,B3,B4,NA,NA
8/24/2023,A01,100,NA,std9,C3,C4,NA,NA
8/24/2023,A01,100,NA,NSB,A1,A2,NA,NA
8/24/2023,A01,100,NA,B0,B1,B2,NA,NA
9/5/2023,A02,50,NA,NSB,A1,A2,NA,NA
9/5/2023,A02,50,NA,B0,B1,B2,NA,NA
9/5/2023,A02,50,NA,std1,C1,C2,NA,NA
9/5/2023,A02,50,NA,std2,D1,D2,NA,NA
9/5/2023,A02,50,NA,std3,E1,E2,NA,NA
9/5/2023,A02,50,NA,std4,F1,F2,NA,NA
9/5/2023,A02,50,NA,std5,G1,G2,NA,NA
9/5/2023,A02,50,NA,std6,H1,H2,NA,NA
9/5/2023,A02,50,NA,std7,A3,A4,NA,NA
9/5/2023,A02,50,NA,std8,B3,B4,NA,NA
9/5/2023,A02,50,NA,std9,C3,C4,NA,NA
9/5/2023,A02,50,WEBL,B534,D3,D4,E3,E4
9/5/2023,A02,50,WEBL,B535,F3,F4,G3,G4
9/5/2023,A02,50,WEBL,B543,H3,H4,A5,A6
9/5/2023,A02,50,WEBL,B545,B5,B6,C5,C6
9/5/2023,A02,50,WEBL,B551,D5,D6,E5,E6
9/5/2023,A02,50,WEBL,B552,F5,F6,G5,G6
9/5/2023,A02,50,WEBL,B556,H5,H6,A7,A8
9/5/2023,A02,50,WEBL,B557,B7,B8,C7,C8
9/5/2023,A02,50,WEBL,B558,D7,D8,E7,E8
9/5/2023,A02,50,WEBL,B559,F7,F8,NA,NA
9/5/2023,A02,50,WEBL,B560,G7,G8,H7,H8
9/5/2023,A02,50,WEBL,B568,NA,NA,A9,A10
9/5/2023,A02,50,WEBL,B569,B9,B10,C9,C10
9/5/2023,A02,50,WEBL,B573,D9,D10,E9,E10
9/5/2023,A02,50,WEBL,B574,F9,F10,G9,G10
9/5/2023,A02,50,WEBL,B575,H9,H10,A11,A12
9/5/2023,A02,50,WEBL,B576,B11,B12,C11,C12
9/5/2023,A02,50,WEBL,B577,D11,D12,E11,E12
9/5/2023,A02,50,WEBL,B578,F11,F12,G11,G12
9/5/2023,A02,50,WEBL,B579,H11,H12,NA,NA
9/6/2023,A03,50,NA,NSB,A1,A2,NA,NA
9/6/2023,A03,50,NA,B0,B1,B2,NA,NA
9/6/2023,A03,50,NA,std1,C1,C2,NA,NA
9/6/2023,A03,50,NA,std2,D1,D2,NA,NA
9/6/2023,A03,50,NA,std3,E1,E2,NA,NA
9/6/2023,A03,50,NA,std4,F1,F2,NA,NA
9/6/2023,A03,50,NA,std5,G1,G2,NA,NA
9/6/2023,A03,50,NA,std6,H1,H2,NA,NA
9/6/2023,A03,50,NA,std7,A3,A4,NA,NA
9/6/2023,A03,50,NA,std8,B3,B4,NA,NA
9/6/2023,A03,50,NA,std9,C3,C4,NA,NA
9/6/2023,A03,50,WEBL,B521,D3,D4,E3,E4
9/6/2023,A03,50,WEBL,B522,F3,F4,G3,G4
9/6/2023,A03,50,WEBL,B524,H3,H4,A5,A6
9/6/2023,A03,50,WEBL,B525,B5,B6,C5,C6
9/6/2023,A03,50,WEBL,B526,D5,D6,E5,E6
9/6/2023,A03,50,WEBL,B527,F5,F6,G5,G6
9/6/2023,A03,50,WEBL,B485,H5,H6,A7,A8
9/6/2023,A03,50,WEBL,B486,B7,B8,C7,C8
9/6/2023,A03,50,WEBL,B487,D7,D8,E7,E8
9/6/2023,A03,50,WEBL,B488,F7,F8,G7,G8
9/6/2023,A03,50,WEBL,B489,H7,H8,A9,A10
9/6/2023,A03,50,WEBL,B490,B9,B10,C9,C10
9/6/2023,A03,50,WEBL,B491,D9,D10,E9,E10
9/6/2023,A03,50,WEBL,B492,F9,F10,G9,G10
9/6/2023,A03,50,WEBL,B493,H9,H10,A11,A12
9/6/2023,A03,50,WEBL,B494,B11,B12,C11,C12
9/6/2023,A03,50,WEBL,B495,D11,D12,E11,E12
9/6/2023,A03,50,WEBL,B496,F11,F12,G11,G12
9/6/2023,A03,50,WEBL,B497,H11,H12,NA,NA
9/6/2023,A04,50,NA,NSB,A1,A2,NA,NA
9/6/2023,A04,50,NA,B0,B1,B2,NA,NA
9/6/2023,A04,50,NA,std1,C1,C2,NA,NA
9/6/2023,A04,50,NA,std2,D1,D2,NA,NA
9/6/2023,A04,50,NA,std3,E1,E2,NA,NA
9/6/2023,A04,50,NA,std4,F1,F2,NA,NA
9/6/2023,A04,50,NA,std5,G1,G2,NA,NA
9/6/2023,A04,50,NA,std6,H1,H2,NA,NA
9/6/2023,A04,50,NA,std7,A3,A4,NA,NA
9/6/2023,A04,50,NA,std8,B3,B4,NA,NA
9/6/2023,A04,50,NA,std9,C3,C4,NA,NA
9/6/2023,A04,50,WEBL,B497,NA,NA,D3,D4
9/6/2023,A04,50,WEBL,B568,E3,E4,NA,NA
9/6/2023,A04,50,WEBL,B579,NA,NA,F3,F4
9/6/2023,A04,50,WEBL,B580,G3,G4,H3,H4
9/6/2023,A04,50,WEBL,B581,A5,A6,B5,B6
9/6/2023,A04,50,WEBL,B582,C5,C6,D5,D6
9/6/2023,A04,50,WEBL,B583,E5,E6,F5,F6
9/6/2023,A04,50,WEBL,B584,G5,G6,H5,H6
9/6/2023,A04,50,WEBL,B585,A7,A8,B7,B8
9/6/2023,A04,50,WEBL,B586,C7,C8,D7,D8
9/6/2023,A04,50,WEBL,B587,E7,E8,F7,F8
9/6/2023,A04,50,WEBL,B588,G7,G8,H7,H8
9/6/2023,A04,50,WEBL,B589,A9,A10,B9,B10
9/6/2023,A04,50,WEBL,B590,C9,C10,D9,D10
9/6/2023,A04,50,WEBL,B498,E9,E10,F9,F10
9/6/2023,A04,50,WEBL,B499,G9,G10,H9,H10
9/6/2023,A04,50,WEBL,B500,A11,A12,B11,B12
9/6/2023,A04,50,WEBL,B501,C11,C12,D11,D12
9/6/2023,A04,50,WEBL,B502,E11,E12,F11,F12
9/6/2023,A04,50,WEBL,B503,G11,G12,H11,H12
9/7/2023,A05,100,NA,NSB,A1,A2,NA,NA
9/7/2023,A05,100,NA,B0,B1,B2,NA,NA
9/7/2023,A05,100,NA,std1,C1,C2,NA,NA
9/7/2023,A05,100,NA,std2,D1,D2,NA,NA
9/7/2023,A05,100,NA,std3,E1,E2,NA,NA
9/7/2023,A05,100,NA,std4,F1,F2,NA,NA
9/7/2023,A05,100,NA,std5,G1,G2,NA,NA
9/7/2023,A05,100,NA,std6,H1,H2,NA,NA
9/7/2023,A05,100,NA,std7,A3,A4,NA,NA
9/7/2023,A05,100,NA,std8,B3,B4,NA,NA
9/7/2023,A05,100,NA,std9,C3,C4,NA,NA
9/7/2023,A05,250,WEBL,B522,D3,D4,NA,NA
9/7/2023,A05,100,WEBL,B524,E3,E4,NA,NA
9/7/2023,A05,100,WEBL,B526,F3,F4,NA,NA
9/7/2023,A05,100,WEBL,B488,G3,G4,NA,NA
9/7/2023,A05,100,WEBL,B489,H3,H4,NA,NA
9/7/2023,A05,100,WEBL,B490,A5,A6,NA,NA
9/7/2023,A05,100,WEBL,B491,B5,B6,NA,NA
9/7/2023,A05,100,WEBL,B492,C5,C6,NA,NA
9/7/2023,A05,100,WEBL,B493,D5,D6,NA,NA
9/7/2023,A05,100,WEBL,B494,E5,E6,NA,NA
9/7/2023,A05,100,WEBL,B495,F5,F6,NA,NA
9/7/2023,A05,100,WEBL,B496,G5,G6,NA,NA
9/7/2023,A05,100,WEBL,B580,H5,H6,NA,NA
9/7/2023,A05,100,WEBL,B585,A7,A8,B7,B8
9/7/2023,A05,100,WEBL,B586,C7,C8,D7,D8
9/7/2023,A05,100,WEBL,B587,E7,E8,F7,F8
9/7/2023,A05,100,WEBL,B588,G7,G8,NA,NA
9/7/2023,A05,100,WEBL,B589,H7,H8,A9,A10
9/7/2023,A05,100,WEBL,B590,B9,B10,C9,C10
9/7/2023,A05,100,WEBL,B498,D9,D10,NA,NA
9/7/2023,A05,100,WEBL,B499,E9,E10,NA,NA
9/7/2023,A05,100,WEBL,B500,F9,F10,NA,NA
9/7/2023,A05,100,WEBL,B501,G9,G10,NA,NA
9/7/2023,A05,100,WEBL,B502,H9,H10,NA,NA
9/7/2023,A05,100,WEBL,B503,A11,A12,NA,NA
9/7/2023,A05,100,WEBL,B504,B11,B12,C11,C12
9/7/2023,A05,100,WEBL,B505,D11,D12,E11,E12
9/7/2023,A05,100,WEBL,B506,F11,F12,G11,G12
9/7/2023,A05,100,WEBL,B043,H11,H12,NA,NA
9/12/2023,A06,100,NA,NSB,A1,A2,NA,NA
9/12/2023,A06,100,NA,B0,B1,B2,NA,NA
9/12/2023,A06,100,NA,std1,C1,C2,NA,NA
9/12/2023,A06,100,NA,std2,D1,D2,NA,NA
9/12/2023,A06,100,NA,std3,E1,E2,NA,NA
9/12/2023,A06,100,NA,std4,F1,F2,NA,NA
9/12/2023,A06,100,NA,std5,G1,G2,NA,NA
9/12/2023,A06,100,NA,std6,H1,H2,NA,NA
9/12/2023,A06,100,NA,std7,A3,A4,NA,NA
9/12/2023,A06,100,NA,std8,B3,B4,NA,NA
9/12/2023,A06,100,NA,std9,C3,C4,NA,NA
9/12/2023,A06,100,WEBL,B043,NA,NA,D3,D4
9/12/2023,A06,100,WEBL,B044,E3,E4,F3,F4
9/12/2023,A06,100,WEBL,B045,G3,G4,H3,H4
9/12/2023,A06,100,WEBL,B046,A5,A6,B5,B6
9/12/2023,A06,100,WEBL,B047,C5,C6,D5,D6
9/12/2023,A06,100,WEBL,B048,E5,E6,F5,F6
9/12/2023,A06,100,WEBL,B049,G5,G6,H5,H6
9/12/2023,A06,100,WEBL,B050,A7,A8,B7,B8
9/12/2023,A06,100,WEBL,B052,C7,C8,D7,D8
9/12/2023,A06,100,WEBL,B053,E7,E8,F7,F8
9/12/2023,A06,100,WEBL,B054,G7,G8,H7,H8
9/12/2023,A06,100,WEBL,B055,A9,A10,B9,B10
9/12/2023,A06,100,WEBL,B056,C9,C10,D9,D10
9/12/2023,A06,100,WEBL,B058,E9,E10,F9,F10
9/12/2023,A06,100,WEBL,B059,G9,G10,NA,NA
9/12/2023,A06,100,WEBL,B060,H9,H10,A11,A12
9/12/2023,A06,100,WEBL,B061,B11,B12,C11,C12
9/12/2023,A06,100,WEBL,B062,D11,D12,E11,E12
9/12/2023,A06,100,WEBL,B063,F11,F12,G11,G12
9/12/2023,A06,100,WEBL,B064,H11,H12,NA,NA
9/12/2023,A07,100,NA,NSB,A1,A2,NA,NA
9/12/2023,A07,100,NA,B0,B1,B2,NA,NA
9/12/2023,A07,100,NA,std1,C1,C2,NA,NA
9/12/2023,A07,100,NA,std2,D1,D2,NA,NA
9/12/2023,A07,100,NA,std3,E1,E2,NA,NA
9/12/2023,A07,100,NA,std4,F1,F2,NA,NA
9/12/2023,A07,100,NA,std5,G1,G2,NA,NA
9/12/2023,A07,100,NA,std6,H1,H2,NA,NA
9/12/2023,A07,100,NA,std7,A3,A4,NA,NA
9/12/2023,A07,100,NA,std8,B3,B4,NA,NA
9/12/2023,A07,100,NA,std9,C3,C4,NA,NA
9/12/2023,A07,100,WEBL,B064,NA,NA,D3,D4
9/12/2023,A07,100,WEBL,B065,E3,E4,F3,F4
9/12/2023,A07,100,WEBL,B067,G3,G4,H3,H4
9/12/2023,A07,100,WEBL,B068,A5,A6,B5,B6
9/12/2023,A07,100,WEBL,B069,C5,C6,NA,NA
9/12/2023,A07,100,WEBL,B070,D5,D6,E5,E6
9/12/2023,A07,100,WEBL,B071,F5,F6,G5,G6
9/12/2023,A07,100,WEBL,B072,H5,H6,A7,A8
9/12/2023,A07,100,WEBL,B073,B7,B8,NA,NA
9/12/2023,A07,100,WEBL,B074,NA,NA,C7,C8
9/12/2023,A07,100,WEBL,B075,D7,D8,NA,NA
9/12/2023,A07,100,WEBL,B076,E7,E8,F7,F8
9/12/2023,A07,100,WEBL,B077,G7,G8,NA,NA
9/12/2023,A07,100,WEBL,B078,H7,H8,A9,A10
9/12/2023,A07,100,WEBL,B079,B9,B10,C9,C10
9/12/2023,A07,100,WEBL,B080,D9,D10,E9,E10
9/12/2023,A07,100,WEBL,B001,F9,F10,G9,G10
9/12/2023,A07,100,WEBL,B002,H9,H10,A11,A12
9/12/2023,A07,100,WEBL,B003,B11,B12,C11,C12
9/12/2023,A07,100,WEBL,B004,D11,D12,E11,E12
9/12/2023,A07,100,WEBL,B005,F11,F12,G11,G12
9/12/2023,A07,100,WEBL,B006,H11,H12,NA,NA
9/13/2023,A08,100,NA,NSB,A1,A2,NA,NA
9/13/2023,A08,100,NA,B0,B1,B2,NA,NA
9/13/2023,A08,100,NA,std1,C1,C2,NA,NA
9/13/2023,A08,100,NA,std2,D1,D2,NA,NA
9/13/2023,A08,100,NA,std3,E1,E2,NA,NA
9/13/2023,A08,100,NA,std4,F1,F2,NA,NA
9/13/2023,A08,100,NA,std5,G1,G2,NA,NA
9/13/2023,A08,100,NA,std6,H1,H2,NA,NA
9/13/2023,A08,100,NA,std7,A3,A4,NA,NA
9/13/2023,A08,100,NA,std8,B3,B4,NA,NA
9/13/2023,A08,100,NA,std9,C3,C4,NA,NA
9/13/2023,A08,100,WEBL,B006,NA,NA,D3,D4
9/13/2023,A08,100,WEBL,B007,E3,E4,F3,F4
9/13/2023,A08,100,WEBL,B008,G3,G4,H3,H4
9/13/2023,A08,100,WEBL,B009,A5,A6,B5,B6
9/13/2023,A08,100,WEBL,B010,C5,C6,D5,D6
9/13/2023,A08,100,WEBL,B011,E5,E6,F5,F6
9/13/2023,A08,100,WEBL,B012,G5,G6,H5,H6
9/13/2023,A08,100,WEBL,B015,A7,A8,B7,B8
9/13/2023,A08,100,WEBL,B016,C7,C8,D7,D8
9/13/2023,A08,100,WEBL,B017,E7,E8,F7,F8
9/13/2023,A08,100,WEBL,B023,NA,NA,G7,G8
9/13/2023,A08,100,WEBL,B025,H7,H8,A9,A10
9/13/2023,A08,100,WEBL,B026,B9,B10,NA,NA
9/13/2023,A08,100,WEBL,B027,C9,C10,D9,D10
9/13/2023,A08,100,WEBL,B028,E9,E10,F9,F10
9/13/2023,A08,100,WEBL,B030,G9,G10,H9,H10
9/13/2023,A08,100,WEBL,B031,A1,A12,B11,B12
9/13/2023,A08,100,WEBL,B033,C11,C12,D11,D12
9/13/2023,A08,100,WEBL,B034,E11,E12,F11,F12
9/13/2023,A08,100,WEBL,B035,G11,G12,H11,H12
9/13/2023,A09,100,NA,NSB,A1,A2,NA,NA
9/13/2023,A09,100,NA,B0,B1,B2,NA,NA
9/13/2023,A09,100,NA,std1,C1,C2,NA,NA
9/13/2023,A09,100,NA,std2,D1,D2,NA,NA
9/13/2023,A09,100,NA,std3,E1,E2,NA,NA
9/13/2023,A09,100,NA,std4,F1,F2,NA,NA
9/13/2023,A09,100,NA,std5,G1,G2,NA,NA
9/13/2023,A09,100,NA,std6,H1,H2,NA,NA
9/13/2023,A09,100,NA,std7,A3,A4,NA,NA
9/13/2023,A09,100,NA,std8,B3,B4,NA,NA
9/13/2023,A09,100,NA,std9,C3,C4,NA,NA
9/13/2023,A09,100,WEBL,B036,D3,D4,NA,NA
9/13/2023,A09,100,WEBL,B039,NA,NA,E3,E4
9/13/2023,A09,100,WEBL,B040,F3,F4,G3,G4
9/13/2023,A09,100,WEBL,B041,H3,H4,NA,NA
9/13/2023,A09,100,WEBL,B042,A5,A6,B5,B6
9/13/2023,A09,100,TRES,B051,C5,C6,D5,D6
9/13/2023,A09,100,TRES,B022,E5,E6,F5,F6
9/13/2023,A09,100,TRES,B021,G5,G6,H5,H6
9/13/2023,A09,100,TRES,B020,A7,A8,B7,B8
9/13/2023,A09,100,TRES,B019,C7,C8,D7,D8
9/13/2023,A09,100,TRES,B057,E7,E8,F7,F8
9/13/2023,A09,100,TRES,B087,G7,G8,NA,NA
9/13/2023,A09,100,TRES,B088,H7,H8,A9,A10
9/13/2023,A09,100,TRES,B089,B9,B10,C9,C10
9/13/2023,A09,100,TRES,B479,D9,D10,E9,E10
9/13/2023,A09,100,TRES,B480,F9,F10,G9,G10
9/13/2023,A09,100,TRES,B013,H9,H10,A11,A12
9/13/2023,A09,100,TRES,B014,B11,B12,NA,NA
9/13/2023,A09,100,TRES,B018,C11,C12,D11,D12
9/13/2023,A09,100,TRES,B567,E11,E12,F11,F12
9/13/2023,A09,100,TRES,B570,G11,G12,H11,H12
9/14/2023,A10,100,NA,NSB,A1,A2,NA,NA
9/14/2023,A10,100,NA,B0,B1,B2,NA,NA
9/14/2023,A10,100,NA,std1,C1,C2,NA,NA
9/14/2023,A10,100,NA,std2,D1,D2,NA,NA
9/14/2023,A10,100,NA,std3,E1,E2,NA,NA
9/14/2023,A10,100,NA,std4,F1,F2,NA,NA
9/14/2023,A10,100,NA,std5,G1,G2,NA,NA
9/14/2023,A10,100,NA,std6,H1,H2,NA,NA
9/14/2023,A10,100,NA,std7,A3,A4,NA,NA
9/14/2023,A10,100,NA,std8,B3,B4,NA,NA
9/14/2023,A10,100,NA,std9,C3,C4,NA,NA
9/14/2023,A10,100,TRES,B571,D3,D4,E3,E4
9/14/2023,A10,100,TRES,B572,F3,F4,G3,G4
9/14/2023,A10,100,TRES,B478,H3,H4,NA,NA
9/14/2023,A10,100,TRES,B566,NA,NA,A5,A6
9/14/2023,A10,100,TRES,B547,NA,NA,B5,B6
9/14/2023,A10,100,TRES,B547,C5,C6,NA,NA
9/14/2023,A10,100,TRES,B540,E5,E6,NA,NA
9/14/2023,A10,100,TRES,B523,F5,F6,G5,G6
9/14/2023,A10,100,TRES,B528,H5,H6,A7,A8
9/14/2023,A10,100,TRES,B529,B7,B8,C7,C8
9/14/2023,A10,100,TRES,B530,D7,D8,E7,E8
9/14/2023,A10,100,TRES,B531,F7,F8,G7,G8
9/14/2023,A10,100,TRES,B532,H7,H8,A9,A10
9/14/2023,A10,100,TRES,B481,B9,B10,C9,C10
9/14/2023,A10,100,TRES,B508,D9,D10,E9,E10
9/14/2023,A10,100,TRES,B512,F9,F10,G9,G10
9/14/2023,A10,100,TRES,B513,H9,H10,A11,A12
9/14/2023,A10,100,TRES,B514,B11,B12,NA,NA
9/14/2023,A10,100,TRES,B515,C11,C12,D11,D12
9/14/2023,A10,100,TRES,B516,E11,E12,F11,F12
9/14/2023,A10,100,TRES,B517,G11,G12,H11,H12
9/14/2023,A10,100,TRES,B444,D5,D6,NA,NA
9/14/2023,A11,100,NA,NSB,A1,A2,NA,NA
9/14/2023,A11,100,NA,B0,B1,B2,NA,NA
9/14/2023,A11,100,NA,std1,C1,C2,NA,NA
9/14/2023,A11,100,NA,std2,D1,D2,NA,NA
9/14/2023,A11,100,NA,std3,E1,E2,NA,NA
9/14/2023,A11,100,NA,std4,F1,F2,NA,NA
9/14/2023,A11,100,NA,std5,G1,G2,NA,NA
9/14/2023,A11,100,NA,std6,H1,H2,NA,NA
9/14/2023,A11,100,NA,std7,A3,A4,NA,NA
9/14/2023,A11,100,NA,std8,B3,B4,NA,NA
9/14/2023,A11,100,NA,std9,C3,C4,NA,NA
9/14/2023,A11,100,TRES,B444,NA,NA,D3,D4
9/14/2023,A11,100,TRES,B445,E3,E4,F3,F4
9/14/2023,A11,100,TRES,B446,G3,G4,H3,H4
9/14/2023,A11,100,TRES,B466,A5,A6,B5,B6
9/14/2023,A11,100,TRES,B474,C5,C6,D5,D6
9/14/2023,A11,100,TRES,B533,E5,E6,F5,F6
9/14/2023,A11,100,MIXED,B081,G5,G6,NA,NA
9/14/2023,A11,100,MIXED,B082,A7,A8,NA,NA
9/14/2023,A11,100,MIXED,B101,NA,NA,B7,B8
9/14/2023,A11,100,MIXED,B084,C7,C8,D7,D8
9/14/2023,A11,100,MIXED,B085,E7,E8,F7,F8
9/14/2023,A11,100,MIXED,B086,G7,G8,H7,H8
9/14/2023,A11,100,MIXED,B090,A9,A10,NA,NA
9/14/2023,A11,100,MIXED,B091,B9,B10,C9,C10
9/14/2023,A11,100,MIXED,B092,D9,D10,E9,E10
9/14/2023,A11,100,MIXED,B093,F9,F10,G9,G10
9/14/2023,A11,100,MIXED,B094,H9,H10,A11,A12
9/14/2023,A11,100,MIXED,B095,B11,B12,C11,C12
9/14/2023,A11,100,MIXED,B096,D11,D12,NA,NA
9/14/2023,A11,100,MIXED,B097,E11,E12,F11,F12
9/14/2023,A11,100,MIXED,B100,G11,G12,H11,H12
9/14/2023,A11,250,MIXED,B081,NA,NA,H5,H6
9/14/2023,A11,278,MIXED,B092,D9,D10,NA,NA
9/21/2023,A12,100,NA,NSB,A1,A2,NA,NA
9/21/2023,A12,100,NA,B0,B1,B2,NA,NA
9/21/2023,A12,100,NA,std1,C1,C2,NA,NA
9/21/2023,A12,100,NA,std2,D1,D2,NA,NA
9/21/2023,A12,100,NA,std3,E1,E2,NA,NA
9/21/2023,A12,100,NA,std4,F1,F2,NA,NA
9/21/2023,A12,100,NA,std5,G1,G2,NA,NA
9/21/2023,A12,100,NA,std6,H1,H2,NA,NA
9/21/2023,A12,100,NA,std7,A3,A4,NA,NA
9/21/2023,A12,100,NA,std8,B3,B4,NA,NA
9/21/2023,A12,100,NA,std9,C3,C4,NA,NA
9/21/2023,A12,100,MIXED,B102,D3,D4,NA,NA
9/21/2023,A12,100,MIXED,B103,E3,E4,NA,NA
9/21/2023,A12,100,MIXED,B104,F3,F4,NA,NA
9/21/2023,A12,100,MIXED,B105,G3,G4,NA,NA
9/21/2023,A12,100,MIXED,B106,H3,H4,NA,NA
9/21/2023,A12,100,MIXED,B107,A5,A6,B5,B6
9/21/2023,A12,100,MIXED,B108,C5,C6,D5,D6
9/21/2023,A12,100,MIXED,B109,E5,E6,F5,F6
9/21/2023,A12,100,MIXED,B110,G5,G6,H5,H6
9/21/2023,A12,100,MIXED,B111,A7,A8,B7,B8
9/21/2023,A12,100,MIXED,B112,C7,C8,D7,D8
9/21/2023,A12,100,MIXED,B113,E7,E8,F7,F8
9/21/2023,A12,100,MIXED,B114,G7,G8,NA,NA
9/21/2023,A12,100,MIXED,B115,H7,H8,A9,A10
9/21/2023,A12,100,MIXED,B116,B9,B10,C9,C10
9/21/2023,A12,100,MIXED,B117,D9,D10,E9,E10
9/21/2023,A12,100,MIXED,B118,NA,NA,G9,G10
9/21/2023,A12,100,MIXED,B119,H9,H10,A11,A12
9/21/2023,A12,100,MIXED,B120,B11,B12,C11,C12
9/21/2023,A12,100,MIXED,B401,D11,D12,E11,E12
9/21/2023,A12,100,MIXED,B402,F11,F12,G11,G12
9/21/2023,A12,100,MIXED,B407,H11,H12,NA,NA
9/21/2023,A12,150,MIXED,B118,F9,F10,NA,NA
9/21/2023,A13,100,NA,NSB,F1,F2,NA,NA
9/21/2023,A13,100,NA,B0,G1,G2,NA,NA
9/21/2023,A13,100,NA,std1,A1,A2,NA,NA
9/21/2023,A13,100,NA,std2,B1,B2,NA,NA
9/21/2023,A13,100,NA,std3,C1,C2,NA,NA
9/21/2023,A13,100,NA,std4,D1,D2,NA,NA
9/21/2023,A13,100,NA,std5,E1,E2,NA,NA
9/21/2023,A13,100,NA,std6,H1,H2,NA,NA
9/21/2023,A13,100,NA,std7,A3,A4,NA,NA
9/21/2023,A13,100,NA,std8,B3,B4,NA,NA
9/21/2023,A13,100,NA,std9,C3,C4,NA,NA
9/21/2023,A13,100,MIXED,B403,D3,D4,E3,E4
9/21/2023,A13,100,MIXED,B404,F3,F4,G3,G4
9/21/2023,A13,100,MIXED,B405,H3,H4,A5,A6
9/21/2023,A13,100,MIXED,B406,B5,B6,NA,NA
9/21/2023,A13,100,MIXED,B409,C5,C6,D5,D6
9/21/2023,A13,100,MIXED,B410,E5,E6,F5,F6
9/21/2023,A13,100,MIXED,B411,G5,G6,H5,H6
9/21/2023,A13,100,MIXED,B412,A7,A8,B7,B8
9/21/2023,A13,100,MIXED,B413,C7,C8,D7,D8
9/21/2023,A13,100,MIXED,B414,E7,E8,F7,F8
9/21/2023,A13,100,MIXED,B415,G7,G8,H7,H8
9/21/2023,A13,100,MIXED,B416,NA,NA,A9,A10
9/21/2023,A13,100,MIXED,B418,B9,B10,C9,C10
9/21/2023,A13,100,MIXED,B419,D9,D10,E9,E10
9/21/2023,A13,100,MIXED,B420,F9,F10,NA,NA
9/21/2023,A13,100,MIXED,B421,G9,G10,H9,H10
9/21/2023,A13,100,MIXED,B422,A11,A12,B11,B12
9/21/2023,A13,100,MIXED,B423,C11,C12,D11,D12
9/21/2023,A13,100,MIXED,B424,E11,E12,F11,F12
9/21/2023,A13,100,MIXED,B425,G11,G12,H11,H12
9/22/2023,A14,NA,NA,NSB,A1,A2,NA,NA
9/22/2023,A14,NA,NA,B0,B1,B2,NA,NA
9/22/2023,A14,NA,NA,std1,C1,C2,NA,NA
9/22/2023,A14,NA,NA,std2,D1,D2,NA,NA
9/22/2023,A14,NA,NA,std3,E1,E2,NA,NA
9/22/2023,A14,NA,NA,std4,F1,F2,NA,NA
9/22/2023,A14,NA,NA,std5,G1,G2,NA,NA
9/22/2023,A14,NA,NA,std6,H1,H2,NA,NA
9/22/2023,A14,NA,NA,std7,A3,A4,NA,NA
9/22/2023,A14,NA,NA,std8,B3,B4,NA,NA
9/22/2023,A14,NA,NA,std9,C3,C4,NA,NA
9/22/2023,A14,100,MIXED,B416,D3,D4,NA,NA
9/22/2023,A14,100,MIXED,B426,E3,E4,F3,F4
9/22/2023,A14,100,MIXED,B427,G3,G4,H3,H4
9/22/2023,A14,100,MIXED,B429,A5,A6,NA,NA
9/22/2023,A14,100,MIXED,B430,B5,B6,C5,C6
9/22/2023,A14,100,MIXED,B431,D5,D6,E5,E6
9/22/2023,A14,100,MIXED,B432,F5,F6,G5,G6
9/22/2023,A14,100,MIXED,B433,H5,H6,NA,NA
9/22/2023,A14,100,MIXED,B434,A7,A8,NA,NA
9/22/2023,A14,100,MIXED,B435,B7,B8,NA,NA
9/22/2023,A14,100,MIXED,B436,C7,C8,NA,NA
9/22/2023,A14,100,MIXED,B437,D7,D8,E7,E8
9/22/2023,A14,100,MIXED,B438,F7,F8,G7,G8
9/22/2023,A14,100,MIXED,B439,H7,H8,A9,A10
9/22/2023,A14,100,MIXED,B440,B9,B10,C9,C10
9/22/2023,A14,100,MIXED,B441,D9,D10,NA,NA
9/22/2023,A14,100,MIXED,B442,E9,E10,F9,F10
9/22/2023,A14,100,MIXED,B443,G9,G10,H9,H10
9/22/2023,A14,100,MIXED,B447,A11,A12,B11,B12
9/22/2023,A14,100,MIXED,B448,C11,C12,D11,D12
9/22/2023,A14,100,MIXED,B449,E11,E12,F11,F12
9/22/2023,A14,100,MIXED,B450,G11,G12,H11,H12
9/22/2023,A15,NA,NA,NSB,A1,A2,NA,NA
9/22/2023,A15,NA,NA,B0,B1,B2,NA,NA
9/22/2023,A15,NA,NA,std1,C1,C2,NA,NA
9/22/2023,A15,NA,NA,std2,D1,D2,NA,NA
9/22/2023,A15,NA,NA,std3,E1,E2,NA,NA
9/22/2023,A15,NA,NA,std4,F1,F2,NA,NA
9/22/2023,A15,NA,NA,std5,G1,G2,NA,NA
9/22/2023,A15,NA,NA,std6,H1,H2,NA,NA
9/22/2023,A15,NA,NA,std7,A3,A4,NA,NA
9/22/2023,A15,NA,NA,std8,B3,B4,NA,NA
9/22/2023,A15,NA,NA,std9,C3,C4,NA,NA
9/22/2023,A15,100,MIXED,B451,D3,D4,E3,E4
9/22/2023,A15,100,MIXED,B452,F3,F4,G3,G4
9/22/2023,A15,100,MIXED,B453,H3,H4,A5,A6
9/22/2023,A15,100,MIXED,B454,B5,B6,C5,C6
9/22/2023,A15,100,MIXED,B455,D5,D6,E5,E6
9/22/2023,A15,100,MIXED,B456,F5,F6,G5,G6
9/22/2023,A15,100,MIXED,B457,H5,H6,A7,A8
9/22/2023,A15,100,MIXED,B458,B7,B8,C7,C8
9/22/2023,A15,100,MIXED,B459,D7,D8,E7,E8
9/22/2023,A15,100,MIXED,B460,F7,F8,G7,G8
9/22/2023,A15,100,MIXED,B461,H7,H8,A9,A10
9/22/2023,A15,100,MIXED,B462,B9,B10,C9,C10
9/22/2023,A15,100,MIXED,B463,D9,D10,E9,E10
9/22/2023,A15,100,MIXED,B464,F9,F10,G9,G10
9/22/2023,A15,100,MIXED,B465,H9,H10,NA,NA
9/22/2023,A15,100,MIXED,B467,A11,A12,B11,B12
9/22/2023,A15,100,MIXED,B468,C11,C12,D11,D12
9/22/2023,A15,100,MIXED,B469,E11,E12,F11,F12
9/22/2023,A15,100,MIXED,B470,G11,G12,H11,H12
9/25/2023,A16,NA,NA,NSB,A1,A2,NA,NA
9/25/2023,A16,NA,NA,B0,B1,B2,NA,NA
9/25/2023,A16,NA,NA,std1,C1,C2,NA,NA
9/25/2023,A16,NA,NA,std2,D1,D2,NA,NA
9/25/2023,A16,NA,NA,std3,E1,E2,NA,NA
9/25/2023,A16,NA,NA,std4,F1,F2,NA,NA
9/25/2023,A16,NA,NA,std5,G1,G2,NA,NA
9/25/2023,A16,NA,NA,std6,H1,H2,NA,NA
9/25/2023,A16,NA,NA,std7,A3,A4,NA,NA
9/25/2023,A16,NA,NA,std8,B3,B4,NA,NA
9/25/2023,A16,NA,NA,std9,C3,C4,NA,NA
9/25/2023,A16,100,mixed,B471,D3,D4,E3,E4
9/25/2023,A16,100,mixed,B472,F3,F4,G3,G4
9/25/2023,A16,100,mixed,B473,H3,H4,A5,A6
9/25/2023,A16,100,mixed,B475,B5,B6,C5,C6
9/25/2023,A16,100,mixed,B476,D5,D6,NA,NA
9/25/2023,A16,100,mixed,B477,E5,E6,F5,F6
9/25/2023,A16,100,mixed,B361,G5,G6,H5,H6
9/25/2023,A16,100,mixed,B362,A7,A8,B7,B8
9/25/2023,A16,100,mixed,B363,C7,C8,D7,D8
9/25/2023,A16,100,mixed,B364,E7,E8,F7,F8
9/25/2023,A16,100,mixed,B366,H7,H8,G7,G8
9/25/2023,A16,100,mixed,B367,A9,A10,B9,B10
9/25/2023,A16,100,mixed,B368,C9,C10,D9,D10
9/25/2023,A16,100,mixed,B369,E9,E10,F9,F10
9/25/2023,A16,100,mixed,B370,G9,G10,H9,H10
9/25/2023,A16,100,mixed,B371,A11,A12,B11,B12
9/25/2023,A16,100,mixed,B372,C11,C12,D11,D12
9/25/2023,A16,100,mixed,B373,E11,E12,F11,F12
9/25/2023,A16,100,mixed,B374,G11,G12,H11,H12
9/26/2023,A17,NA,NA,NSB,A1,A2,NA,NA
9/26/2023,A17,NA,NA,B0,B1,B2,NA,NA
9/26/2023,A17,NA,NA,std1,C1,C2,NA,NA
9/26/2023,A17,NA,NA,std2,D1,D2,NA,NA
9/26/2023,A17,NA,NA,std3,E1,E2,NA,NA
9/26/2023,A17,NA,NA,std4,F1,F2,NA,NA
9/26/2023,A17,NA,NA,std5,G1,G2,NA,NA
9/26/2023,A17,NA,NA,std6,H1,H2,NA,NA
9/26/2023,A17,NA,NA,std7,A3,A4,NA,NA
9/26/2023,A17,NA,NA,std8,B3,B4,NA,NA
9/26/2023,A17,NA,NA,std9,C3,C4,NA,NA
9/26/2023,A17,100,WEBL,B375,D3,D4,E3,F3
9/26/2023,A17,100,WEBL,B376,E4,F4,G3,G4
9/26/2023,A17,100,WEBL,B377,H3,H4,A5,A6
9/26/2023,A17,100,WEBL,B378,B5,B6,C5,C6
9/26/2023,A17,100,WEBL,B379,D5,D6,E5,E6
9/26/2023,A17,100,WEBL,B380,F5,F6,G5,G6
9/26/2023,A17,100,WEBL,B381,H5,H6,A7,A8
9/26/2023,A17,100,WEBL,B382,B7,B8,C7,C8
9/26/2023,A17,100,WEBL,B383,D7,D8,E7,E8
9/26/2023,A17,100,WEBL,B384,F7,F8,G7,G8
9/26/2023,A17,100,WEBL,B385,H7,H8,A9,A10
9/26/2023,A17,100,WEBL,B386,B9,B10,C9,C10
9/26/2023,A17,100,WEBL,B387,D9,D10,E9,E10
9/26/2023,A17,100,WEBL,B388,F9,F10,G9,G10
9/26/2023,A17,100,WEBL,B389,H9,H10,A11,A12
9/26/2023,A17,100,WEBL,B390,B11,B12,C11,C12
9/26/2023,A17,100,WEBL,B392,D11,D12,NA,NA
9/26/2023,A17,100,WEBL,B393,E11,E12,F11,F12
9/26/2023,A17,100,WEBL,B394,G11,G12,H11,H12
9/26/2023,A18,NA,NA,NSB,A1,A2,NA,NA
9/26/2023,A18,NA,NA,B0,B1,B2,NA,NA
9/26/2023,A18,NA,NA,std1,C1,C2,NA,NA
9/26/2023,A18,NA,NA,std2,D1,D2,NA,NA
9/26/2023,A18,NA,NA,std3,E1,E2,NA,NA
9/26/2023,A18,NA,NA,std4,F1,F2,NA,NA
9/26/2023,A18,NA,NA,std5,G1,G2,NA,NA
9/26/2023,A18,NA,NA,std6,H1,H2,NA,NA
9/26/2023,A18,NA,NA,std7,A3,A4,NA,NA
9/26/2023,A18,NA,NA,std8,B3,B4,NA,NA
9/26/2023,A18,NA,NA,std9,C3,C4,NA,NA
9/26/2023,A18,100,WEBL,B395,D3,D4,E3,E4
9/26/2023,A18,100,WEBL,B396,F3,F4,G3,G4
9/26/2023,A18,100,WEBL,B397,H3,H4,A5,A6
9/26/2023,A18,100,WEBL,B398,B5,B6,C5,C6
9/26/2023,A18,100,WEBL,B399,D5,D6,E5,E6
9/26/2023,A18,100,WEBL,B400,F5,F6,G5,G6
9/26/2023,A18,100,MIXED,B321,H5,H6,A7,A8
9/26/2023,A18,100,MIXED,B322,B7,B8,C7,C8
9/26/2023,A18,100,MIXED,B324,D7,D8,E7,E8
9/26/2023,A18,100,MIXED,B325,F7,F8,G7,G8
9/26/2023,A18,100,MIXED,B326,H7,H8,A9,A10
9/26/2023,A18,100,MIXED,B327,B9,B10,C9,C10
9/26/2023,A18,100,MIXED,B328,D9,D10,E9,E10
9/26/2023,A18,100,MIXED,B329,F9,F10,G9,G10
9/26/2023,A18,100,MIXED,B330,H9,H10,A11,A12
9/26/2023,A18,100,MIXED,B331,B11,B12,C11,C12
9/26/2023,A18,100,MIXED,B333,D11,D12,E11,E12
9/26/2023,A18,100,MIXED,B334,F11,F12,G11,G12
9/26/2023,A18,100,MIXED,B335,H11,H12,NA,NA
9/27/2023,A19,NA,NA,NSB,A1,A2,NA,NA
9/27/2023,A19,NA,NA,B0,B1,B2,NA,NA
9/27/2023,A19,NA,NA,std1,C1,C2,NA,NA
9/27/2023,A19,NA,NA,std2,D1,D2,NA,NA
9/27/2023,A19,NA,NA,std3,E1,E2,NA,NA
9/27/2023,A19,NA,NA,std4,F1,F2,NA,NA
9/27/2023,A19,NA,NA,std5,G1,G2,NA,NA
9/27/2023,A19,NA,NA,std6,H1,H2,NA,NA
9/27/2023,A19,NA,NA,std7,A3,A4,NA,NA
9/27/2023,A19,NA,NA,std8,B3,B4,NA,NA
9/27/2023,A19,NA,NA,std9,C3,C4,NA,NA
9/27/2023,A19,100,WEBL,B375,D3,D4,E3,F3
9/27/2023,A19,100,WEBL,B376,E4,F4,NA,NA
9/27/2023,A19,100,WEBL,B377,H3,H4,A5,A6
9/27/2023,A19,100,WEBL,B378,B5,B6,C5,C6
9/27/2023,A19,100,WEBL,B379,D5,D6,E5,E6
9/27/2023,A19,100,WEBL,B380,NA,NA,G5,G6
9/27/2023,A19,100,WEBL,B381,B11,B12,A7,A8
9/27/2023,A19,100,WEBL,B382,B7,B8,C7,C8
9/27/2023,A19,100,WEBL,B383,D7,D8,E7,E8
9/27/2023,A19,100,WEBL,B384,F7,F8,G7,G8
9/27/2023,A19,100,WEBL,B385,H7,H8,A9,A10
9/27/2023,A19,100,WEBL,B386,B9,B10,C9,C10
9/27/2023,A19,100,WEBL,B387,D9,D10,E9,E10
9/27/2023,A19,100,WEBL,B388,F9,F10,G9,G10
9/27/2023,A19,100,WEBL,B389,H9,H10,A11,A12
9/27/2023,A19,100,WEBL,B390,NA,NA,C11,C12
9/27/2023,A19,100,WEBL,B393,E11,E12,F11,F12
9/27/2023,A19,100,WEBL,B394,G11,G12,NA,NA
9/27/2023,A19,100,WEBL,B335,NA,NA,G3,G4
9/27/2023,A19,100,WEBL,B336,F5,F6,H5,H6
9/27/2023,A19,100,WEBL,B337,D11,D12,H11,H12
9/27/2023,A20,NA,NA,NSB,A1,A2,NA,NA
9/27/2023,A20,NA,NA,B0,B1,B2,NA,NA
9/27/2023,A20,NA,NA,std1,C1,C2,NA,NA
9/27/2023,A20,NA,NA,std2,D1,D2,NA,NA
9/27/2023,A20,NA,NA,std3,E1,E2,NA,NA
9/27/2023,A20,NA,NA,std4,F1,F2,NA,NA
9/27/2023,A20,NA,NA,std5,G1,G2,NA,NA
9/27/2023,A20,NA,NA,std6,H1,H2,NA,NA
9/27/2023,A20,NA,NA,std7,A3,A4,NA,NA
9/27/2023,A20,NA,NA,std8,B3,B4,NA,NA
9/27/2023,A20,NA,NA,std9,C3,C4,NA,NA
9/27/2023,A20,100,WEBL,B338,D3,D4,E3,E4
9/27/2023,A20,100,WEBL,B339,F3,F4,G3,G4
9/27/2023,A20,100,WEBL,B340,H3,H4,A5,A6
9/27/2023,A20,100,WEBL,B341,B5,B6,C5,C6
9/27/2023,A20,100,WEBL,B342,D5,D6,E5,E6
9/27/2023,A20,100,WEBL,B343,F5,F6,G5,G6
9/27/2023,A20,100,WEBL,B344,H5,H6,A7,A8
9/27/2023,A20,100,WEBL,B345,B7,B8,C7,C8
9/27/2023,A20,100,WEBL,B347,D7,D8,E7,E8
9/27/2023,A20,100,WEBL,B348,F7,F8,G7,G8
9/27/2023,A20,100,WEBL,B349,H7,H8,A9,A10
9/27/2023,A20,100,WEBL,B350,B9,B10,C9,C10
9/27/2023,A20,100,WEBL,B351,D9,D10,E9,E10
9/27/2023,A20,100,WEBL,B352,F9,F10,G9,G10
9/27/2023,A20,100,WEBL,B353,H9,H10,A11,A12
9/27/2023,A20,100,WEBL,B356,B11,B12,C11,C12
9/27/2023,A20,100,WEBL,B360,D11,D12,E11,E12
9/27/2023,A20,100,MIXED,B121,F11,F12,G11,G12
9/27/2023,A20,100,MIXED,B122,H11,H12,NA,NA
10/3/2023,A21,NA,NA,NSB,A1,A2,NA,NA
10/3/2023,A21,NA,NA,B0,B1,B2,NA,NA
10/3/2023,A21,NA,NA,std1,C1,C2,NA,NA
10/3/2023,A21,NA,NA,std2,D1,D2,NA,NA
10/3/2023,A21,NA,NA,std3,E1,E2,NA,NA
10/3/2023,A21,NA,NA,std4,F1,F2,NA,NA
10/3/2023,A21,NA,NA,std5,G1,G2,NA,NA
10/3/2023,A21,NA,NA,std6,H1,H2,NA,NA
10/3/2023,A21,NA,NA,std7,A3,A4,NA,NA
10/3/2023,A21,NA,NA,std8,B3,B4,NA,NA
10/3/2023,A21,NA,NA,std9,C3,C4,NA,NA
10/3/2023,A21,100,MIXED,B122,NA,NA,D3,D4
10/3/2023,A21,100,MIXED,B123,E3,E4,NA,NA
10/3/2023,A21,100,MIXED,B124,F3,F4,G3,G4
10/3/2023,A21,100,MIXED,B125,H3,H4,A5,A6
10/3/2023,A21,100,MIXED,B126,B5,B6,C5,C6
10/3/2023,A21,100,MIXED,B127,D5,D6,E5,E6
10/3/2023,A21,100,MIXED,B128,F5,F6,G5,G6
10/3/2023,A21,100,MIXED,B129,H5,H6,A7,A8
10/3/2023,A21,100,MIXED,B130,B7,B8,C7,C8
10/3/2023,A21,100,MIXED,B131,D7,D8,E7,E8
10/3/2023,A21,100,MIXED,B132,F7,F8,G7,G8
10/3/2023,A21,100,MIXED,B133,H7,H8,NA,NA
10/3/2023,A21,100,MIXED,B134,A9,A10,NA,NA
10/3/2023,A21,100,MIXED,B135,B9,B10,C9,C10
10/3/2023,A21,100,MIXED,B136,D9,D10,E9,E10
10/3/2023,A21,100,MIXED,B137,F9,F10,G9,G10
10/3/2023,A21,100,MIXED,B138,H9,H10,NA,NA
10/3/2023,A21,100,MIXED,B139,A11,A12,B11,B12
10/3/2023,A21,100,MIXED,B140,C11,C12,D11,D12
10/3/2023,A21,100,MIXED,B141,E11,E12,F11,F12
10/3/2023,A21,100,MIXED,B142,G11,G12,H11,H12
10/3/2023,A22,NA,NA,NSB,A1,A2,NA,NA
10/3/2023,A22,NA,NA,B0,B1,B2,NA,NA
10/3/2023,A22,NA,NA,std1,C1,C2,NA,NA
10/3/2023,A22,NA,NA,std2,D1,D2,NA,NA
10/3/2023,A22,NA,NA,std3,E1,E2,NA,NA
10/3/2023,A22,NA,NA,std4,F1,F2,NA,NA
10/3/2023,A22,NA,NA,std5,G1,G2,NA,NA
10/3/2023,A22,NA,NA,std6,H1,H2,NA,NA
10/3/2023,A22,NA,NA,std7,A3,A4,NA,NA
10/3/2023,A22,NA,NA,std8,B3,B4,NA,NA
10/3/2023,A22,NA,NA,std9,C3,C4,NA,NA
10/3/2023,A22,100,MIXED,B143,D3,D4,E3,E4
10/3/2023,A22,100,MIXED,B144,F3,F4,NA,NA
10/3/2023,A22,100,MIXED,B145,G3,G4,H3,H4
10/3/2023,A22,100,MIXED,B146,A5,A6,B5,B6
10/3/2023,A22,100,MIXED,B147,C5,C6,D5,D6
10/3/2023,A22,100,MIXED,B148,E5,E6,F5,F6
10/3/2023,A22,100,MIXED,B149,G5,G6,NA,NA
10/3/2023,A22,100,MIXED,B150,H5,H6,A7,A8
10/3/2023,A22,100,MIXED,B151,B7,B8,C7,C8
10/3/2023,A22,100,MIXED,B152,D7,D8,E7,E8
10/3/2023,A22,100,MIXED,B153,F7,F8,NA,NA
10/3/2023,A22,100,MIXED,B154,G7,G8,H7,H8
10/3/2023,A22,100,MIXED,B155,A9,A10,B9,B10
10/3/2023,A22,100,MIXED,B156,C9,C10,D9,D10
10/3/2023,A22,100,MIXED,B157,E9,E10,NA,NA
10/3/2023,A22,100,MIXED,B158,F9,F10,G9,G10
10/3/2023,A22,100,MIXED,B159,H9,H10,A11,A12
10/3/2023,A22,100,MIXED,B160,B11,B12,C11,C12
10/3/2023,A22,100,MIXED,B201,D11,D12,E11,E12
10/3/2023,A22,100,MIXED,B202,F11,F12,NA,NA
10/3/2023,A22,100,MIXED,B203,G11,G12,H11,H12
10/4/2023,A23,NA,NA,NSB,A1,A2,NA,NA
10/4/2023,A23,NA,NA,B0,B1,B2,NA,NA
10/4/2023,A23,NA,NA,std1,C1,C2,NA,NA
10/4/2023,A23,NA,NA,std2,D1,D2,NA,NA
10/4/2023,A23,NA,NA,std3,E1,E2,NA,NA
10/4/2023,A23,NA,NA,std4,F1,F2,NA,NA
10/4/2023,A23,NA,NA,std5,G1,G2,NA,NA
10/4/2023,A23,NA,NA,std6,H1,H2,NA,NA
10/4/2023,A23,NA,NA,std7,A3,A4,NA,NA
10/4/2023,A23,NA,NA,std8,B3,B4,NA,NA
10/4/2023,A23,NA,NA,std9,C3,C4,NA,NA
10/4/2023,A23,100,MIXED,B204,D3,D4,E3,E4
10/4/2023,A23,100,MIXED,B205,F3,F4,G3,G4
10/4/2023,A23,100,MIXED,B206,H3,H4,A5,A6
10/4/2023,A23,100,MIXED,B207,B5,B6,C5,C6
10/4/2023,A23,100,MIXED,B208,D5,D6,E5,E6
10/4/2023,A23,100,MIXED,B209,F5,F6,G5,G6
10/4/2023,A23,100,MIXED,B210,H5,H6,A7,A8
10/4/2023,A23,100,MIXED,B211,B7,B8,C7,C8
10/4/2023,A23,100,MIXED,B212,D7,D8,NA,NA
10/4/2023,A23,100,MIXED,B213,E7,E8,NA,NA
10/4/2023,A23,100,MIXED,B214,F7,F8,G7,G8
10/4/2023,A23,100,MIXED,B215,H7,H8,NA,NA
10/4/2023,A23,100,MIXED,B202,NA,NA,A9,A10
10/4/2023,A23,100,MIXED,B216,B9,B10,C9,C10
10/4/2023,A23,100,MIXED,B217,D9,D10,E9,E10
10/4/2023,A23,100,MIXED,B218,F9,F10,G9,G10
10/4/2023,A23,100,MIXED,B219,H9,H10,NA,NA
10/4/2023,A23,100,MIXED,B220,A11,A12,B11,B12
10/4/2023,A23,100,MIXED,B221,C11,C12,D11,D12
10/4/2023,A23,100,MIXED,B222,E11,E12,NA,NA
10/4/2023,A23,100,MIXED,B223,F11,F12,NA,NA
10/4/2023,A23,100,MIXED,B224,G11,G12,H11,H12
10/4/2023,A24,NA,NA,NSB,A1,A2,NA,NA
10/4/2023,A24,NA,NA,B0,B1,B2,NA,NA
10/4/2023,A24,NA,NA,std1,C1,C2,NA,NA
10/4/2023,A24,NA,NA,std2,D1,D2,NA,NA
10/4/2023,A24,NA,NA,std3,E1,E2,NA,NA
10/4/2023,A24,NA,NA,std4,F1,F2,NA,NA
10/4/2023,A24,NA,NA,std5,G1,G2,NA,NA
10/4/2023,A24,NA,NA,std6,H1,H2,NA,NA
10/4/2023,A24,NA,NA,std7,A3,A4,NA,NA
10/4/2023,A24,NA,NA,std8,B3,B4,NA,NA
10/4/2023,A24,NA,NA,std9,C3,C4,NA,NA
10/4/2023,A24,100,MIXED,B225,D3,D4,E3,E4
10/4/2023,A24,100,MIXED,B226,F3,F4,G3,G4
10/4/2023,A24,100,MIXED,B227,H3,H4,A5,A6
10/4/2023,A24,100,MIXED,B228,B5,B6,C5,C6
10/4/2023,A24,100,MIXED,B229,D5,D6,E5,E6
10/4/2023,A24,100,MIXED,B230,F5,F6,G5,G6
10/4/2023,A24,100,MIXED,B231,H5,H6,NA,NA
10/4/2023,A24,100,MIXED,B232,B7,B8,C7,C8
10/4/2023,A24,100,MIXED,B233,D7,D8,E7,E8
10/4/2023,A24,100,MIXED,B235,F7,F8,G7,G8
10/4/2023,A24,100,MIXED,B236,H7,H8,A9,A10
10/4/2023,A24,100,MIXED,B237,B9,B10,C9,C10
10/4/2023,A24,100,MIXED,B238,D9,D10,E9,E10
10/4/2023,A24,100,MIXED,B240,F9,F10,G9,G10
10/4/2023,A24,100,MIXED,B482,H9,H10,A11,A12
10/4/2023,A24,100,MIXED,B483,B11,B12,C11,C12
10/4/2023,A24,100,MIXED,B484,D11,D12,E11,E12
10/4/2023,A24,100,MIXED,B507,F11,F12,G11,G12
10/4/2023,A24,100,MIXED,B509,H11,H12,NA,NA
10/4/2023,A24,150,MIXED,B231,NA,NA,A7,A8
10/13/2023,A25,NA,NA,NSB,A1,A2,NA,NA
10/13/2023,A25,NA,NA,B0,B1,B2,NA,NA
10/13/2023,A25,NA,NA,std1,C1,C2,NA,NA
10/13/2023,A25,NA,NA,std2,D1,D2,NA,NA
10/13/2023,A25,NA,NA,std3,E1,E2,NA,NA
10/13/2023,A25,NA,NA,std4,F1,F2,NA,NA
10/13/2023,A25,NA,NA,std5,G1,G2,NA,NA
10/13/2023,A25,NA,NA,std6,H1,H2,NA,NA
10/13/2023,A25,NA,NA,std7,A3,A4,NA,NA
10/13/2023,A25,NA,NA,std8,B3,B4,NA,NA
10/13/2023,A25,NA,NA,std9,C3,C4,NA,NA
10/13/2023,A25,100,MIXED,B509,NA,NA,D3,D4
10/13/2023,A25,100,MIXED,B510,E3,E4,F3,F4
10/13/2023,A25,100,MIXED,B511,G3,G4,H3,H4
10/13/2023,A25,100,MIXED,B518,A5,A6,B5,B6
10/13/2023,A25,100,MIXED,B519,C5,C6,NA,NA
10/13/2023,A25,100,MIXED,B520,D5,D6,E5,E6
10/13/2023,A25,100,MIXED,B281,F5,F6,G5,G6
10/13/2023,A25,100,MIXED,B282,H5,H6,A7,A8
10/13/2023,A25,100,MIXED,B283,B7,B8,NA,NA
10/13/2023,A25,150,MIXED,B283,NA,NA,C7,C8
10/13/2023,A25,100,MIXED,B284,D7,D8,E7,E8
10/13/2023,A25,100,MIXED,B286,F7,F8,G7,G8
10/13/2023,A25,100,MIXED,B287,H7,H8,NA,NA
10/13/2023,A25,100,MIXED,B288,A9,A10,NA,NA
10/13/2023,A25,100,MIXED,B289,B9,B10,C9,C10
10/13/2023,A25,100,MIXED,B290,D9,D10,E9,E10
10/13/2023,A25,100,MIXED,B291,F9,F10,G9,G10
10/13/2023,A25,100,MIXED,B292,H9,H10,A11,A12
10/13/2023,A25,100,MIXED,B293,B11,B12,C11,C12
10/13/2023,A25,100,MIXED,B294,D11,D12,E11,E12
10/13/2023,A25,100,MIXED,B295,F11,F12,G11,G12
10/13/2023,A25,100,MIXED,B297,H11,H12,NA,NA
10/13/2023,A26,NA,NA,NSB,A1,A2,NA,NA
10/13/2023,A26,NA,NA,B0,B1,B2,NA,NA
10/13/2023,A26,NA,NA,std1,C1,C2,NA,NA
10/13/2023,A26,NA,NA,std2,D1,D2,NA,NA
10/13/2023,A26,NA,NA,std3,E1,E2,NA,NA
10/13/2023,A26,NA,NA,std4,F1,F2,NA,NA
10/13/2023,A26,NA,NA,std5,G1,G2,NA,NA
10/13/2023,A26,NA,NA,std6,H1,H2,NA,NA
10/13/2023,A26,NA,NA,std7,A3,A4,NA,NA
10/13/2023,A26,NA,NA,std8,B3,B4,NA,NA
10/13/2023,A26,NA,NA,std9,C3,C4,NA,NA
10/13/2023,A26,100,MIXED,B297,NA,NA,D3,D4
10/13/2023,A26,100,MIXED,B298,E3,E4,F3,F4
10/13/2023,A26,189.4,MIXED,B299,G3,G4,NA,NA
10/13/2023,A26,100,MIXED,B300,H3,H4,A5,A6
10/13/2023,A26,100,MIXED,B301,B5,B6,C5,C6
10/13/2023,A26,100,MIXED,B302,D5,D6,E5,E6
10/13/2023,A26,100,MIXED,B303,F5,F6,G5,G6
10/13/2023,A26,100,MIXED,B304,H5,H6,A7,A8
10/13/2023,A26,100,MIXED,B305,B7,B8,NA,NA
10/13/2023,A26,161.5,MIXED,B306,C7,C8,NA,NA
10/13/2023,A26,100,MIXED,B307,E7,E8,F7,F8
10/13/2023,A26,100,MIXED,B308,G7,G8,NA,NA
10/13/2023,A26,100,MIXED,B309,H7,H8,A9,A10
10/13/2023,A26,100,MIXED,B310,B9,B10,C9,C10
10/13/2023,A26,100,MIXED,B311,D9,D10,E9,E10
10/13/2023,A26,100,MIXED,B312,F9,F10,G9,G10
10/13/2023,A26,100,MIXED,B313,H9,H10,A11,A12
10/13/2023,A26,100,MIXED,B314,B11,B12,C11,C12
10/13/2023,A26,100,MIXED,B315,D11,D12,E11,E12
10/13/2023,A26,100,MIXED,B316,F11,F12,G11,G12
10/13/2023,A26,100,MIXED,B317,H11,H12,NA,NA
10/13/2023,A26,300,MIXED,B306,NA,NA,D7,D8
10/16/2023,A27,NA,NA,NSB,A1,A2,NA,NA
10/16/2023,A27,NA,NA,B0,B1,B2,NA,NA
10/16/2023,A27,NA,NA,std1,C1,C2,NA,NA
10/16/2023,A27,NA,NA,std2,D1,D2,NA,NA
10/16/2023,A27,NA,NA,std3,E1,E2,NA,NA
10/16/2023,A27,NA,NA,std4,F1,F2,NA,NA
10/16/2023,A27,NA,NA,std5,G1,G2,NA,NA
10/16/2023,A27,NA,NA,std6,H1,H2,NA,NA
10/16/2023,A27,NA,NA,std7,A3,A4,NA,NA
10/16/2023,A27,NA,NA,std8,B3,B4,NA,NA
10/16/2023,A27,NA,NA,std9,C3,C4,NA,NA
10/16/2023,A27,100,MIXED,B317,NA,NA,D3,D4
10/16/2023,A27,100,MIXED,B318,E3,E4,F3,F4
10/16/2023,A27,100,MIXED,B319,G3,G4,H3,H4
10/16/2023,A27,100,MIXED,B320,A5,A6,B5,B6
10/16/2023,A27,100,MIXED,B161,C5,C6,NA,NA
10/16/2023,A27,100,MIXED,B162,D5,D6,E5,E6
10/16/2023,A27,100,MIXED,B163,F5,F6,G5,G6
10/16/2023,A27,100,MIXED,B164,H5,H6,A7,A8
10/16/2023,A27,100,MIXED,B165,B7,B8,C7,C8
10/16/2023,A27,100,MIXED,B166,D7,D8,E7,E8
10/16/2023,A27,100,MIXED,B167,F7,F8,G7,G8
10/16/2023,A27,100,MIXED,B168,H7,H8,A9,A10
10/16/2023,A27,100,MIXED,B169,B9,B10,C9,C10
10/16/2023,A27,100,MIXED,B170,D9,D10,NA,NA
10/16/2023,A27,100,MIXED,B171,E9,E10,F9,F10
10/16/2023,A27,100,MIXED,B172,G9,G10,H9,H10
10/16/2023,A27,100,MIXED,B173,A11,A12,B11,B12
10/16/2023,A27,100,MIXED,B174,C11,C12,D11,D12
10/16/2023,A27,100,MIXED,B175,E11,E12,F11,F12
10/16/2023,A27,100,MIXED,B176,G11,G12,H11,H12
10/16/2023,A28,NA,NA,NSB,A1,A2,NA,NA
10/16/2023,A28,NA,NA,B0,B1,B2,NA,NA
10/16/2023,A28,NA,NA,std1,C1,C2,NA,NA
10/16/2023,A28,NA,NA,std2,D1,D2,NA,NA
10/16/2023,A28,NA,NA,std3,E1,E2,NA,NA
10/16/2023,A28,NA,NA,std4,F1,F2,NA,NA
10/16/2023,A28,NA,NA,std5,G1,G2,NA,NA
10/16/2023,A28,NA,NA,std6,H1,H2,NA,NA
10/16/2023,A28,NA,NA,std7,A3,A4,NA,NA
10/16/2023,A28,NA,NA,std8,B3,B4,NA,NA
10/16/2023,A28,NA,NA,std9,C3,C4,NA,NA
10/16/2023,A28,100,MIXED,B177,D3,D4,NA,NA
10/16/2023,A28,100,MIXED,B178,E3,E4,F3,F4
10/16/2023,A28,100,MIXED,B179,G3,G4,H3,H4
10/16/2023,A28,100,MIXED,B180,NA,NA,A5,A6
10/16/2023,A28,733,MIXED,B181,NA,NA,B5,B6
10/16/2023,A28,376,MIXED,B182,NA,NA,C5,C6
10/16/2023,A28,100,MIXED,B183,D5,D6,NA,NA
10/16/2023,A28,100,MIXED,B184,E5,E6,NA,NA
10/16/2023,A28,100,MIXED,B185,F5,F6,G5,G6
10/16/2023,A28,100,MIXED,B186,H5,H6,NA,NA
10/16/2023,A28,100,MIXED,B187,B7,B8,C7,C8
10/16/2023,A28,100,MIXED,B188,D7,D8,E7,E8
10/16/2023,A28,100,MIXED,B189,F7,F8,G7,G8
10/16/2023,A28,100,MIXED,B190,H7,H8,A9,A10
10/16/2023,A28,100,MIXED,B198,B9,B10,NA,NA
10/16/2023,A28,100,MIXED,B200,C9,C10,D9,D10
10/16/2023,A28,100,MIXED,B241,E9,E10,F9,F10
10/16/2023,A28,100,MIXED,B243,G9,G10,H9,H10
10/16/2023,A28,100,MIXED,B244,A11,A12,B11,B12
10/16/2023,A28,100,MIXED,B245,C11,C12,D11,D12
10/16/2023,A28,100,MIXED,B246,E11,E12,F11,F12
10/16/2023,A28,100,MIXED,B247,G11,G12,H11,H12
10/16/2023,A28,257,MIXED,B186,NA,NA,A7,A8
10/17/2023,A29,NA,NA,NSB,A1,A2,NA,NA
10/17/2023,A29,NA,NA,B0,B1,B2,NA,NA
10/17/2023,A29,NA,NA,std1,C1,C2,NA,NA
10/17/2023,A29,NA,NA,std2,D1,D2,NA,NA
10/17/2023,A29,NA,NA,std3,E1,E2,NA,NA
10/17/2023,A29,NA,NA,std4,F1,F2,NA,NA
10/17/2023,A29,NA,NA,std5,G1,G2,NA,NA
10/17/2023,A29,NA,NA,std6,H1,H2,NA,NA
10/17/2023,A29,NA,NA,std7,A3,A4,NA,NA
10/17/2023,A29,NA,NA,std8,B3,B4,NA,NA
10/17/2023,A29,NA,NA,std9,C3,C4,NA,NA
10/17/2023,A29,100,MIXED,B248,D3,D4,E3,E4
10/17/2023,A29,100,MIXED,B249,F3,F4,G3,G4
10/17/2023,A29,100,MIXED,B250,H3,H4,A5,A6
10/17/2023,A29,100,MIXED,B251,B5,B6,C5,C6
10/17/2023,A29,100,MIXED,B252,D5,D6,E5,E6
10/17/2023,A29,100,MIXED,B253,F5,F6,NA,NA
10/17/2023,A29,100,MIXED,B254,G5,G6,H5,H6
10/17/2023,A29,100,MIXED,B255,A7,A8,B7,B8
10/17/2023,A29,100,MIXED,B256,C7,C8,D7,D8
10/17/2023,A29,100,MIXED,B257,E7,E8,NA,NA
10/17/2023,A29,100,MIXED,B258,G7,G8,H7,H8
10/17/2023,A29,100,MIXED,B259,A9,A10,NA,NA
10/17/2023,A29,100,MIXED,B260,B9,B10,C9,C10
10/17/2023,A29,100,MIXED,B261,D9,D10,E9,E10
10/17/2023,A29,100,MIXED,B262,F9,F10,G9,G10
10/17/2023,A29,100,MIXED,B263,H9,H10,A11,A12
10/17/2023,A29,100,MIXED,B264,B11,B12,C11,C12
10/17/2023,A29,100,MIXED,B265,D11,D12,E11,E12
10/17/2023,A29,100,MIXED,B266,NA,NA,G11,G12
10/17/2023,A29,100,MIXED,B267,H11,H12,NA,NA
10/17/2023,A29,210,MIXED,B257,NA,NA,F7,F8
10/17/2023,A29,238,MIXED,B266,F11,F12,NA,NA
10/18/2023,A30,NA,NA,NSB,A1,A2,NA,NA
10/18/2023,A30,NA,NA,B0,B1,B2,NA,NA
10/18/2023,A30,NA,NA,std1,C1,C2,NA,NA
10/18/2023,A30,NA,NA,std2,D1,D2,NA,NA
10/18/2023,A30,NA,NA,std3,E1,E2,NA,NA
10/18/2023,A30,NA,NA,std4,F1,F2,NA,NA
10/18/2023,A30,NA,NA,std5,G1,G2,NA,NA
10/18/2023,A30,NA,NA,std6,H1,H2,NA,NA
10/18/2023,A30,NA,NA,std7,A3,A4,NA,NA
10/18/2023,A30,NA,NA,std8,B3,B4,NA,NA
10/18/2023,A30,NA,NA,std9,C3,C4,NA,NA
10/18/2023,A30,100,MIXED,B267,NA,NA,D3,D4
10/18/2023,A30,100,MIXED,B273,E3,E4,F3,F4
10/18/2023,A30,100,MIXED,B274,NA,NA,G3,G4
10/18/2023,A30,100,MIXED,B275,H3,H4,NA,NA
10/18/2023,A30,100,MIXED,B277,A5,A6,NA,NA
10/18/2023,A30,100,MIXED,B278,B5,B6,C5,C6
10/18/2023,A30,100,MIXED,B279,D5,D6,E5,E6
10/18/2023,A30,100,MIXED,B280,F5,F6,G5,G6
10/24/2023,A31,NA,NA,NSB,A1,A2,NA,NA
10/24/2023,A31,NA,NA,B0,B1,B2,NA,NA
10/24/2023,A31,NA,NA,std1,C1,C2,NA,NA
10/24/2023,A31,NA,NA,std2,D1,D2,NA,NA
10/24/2023,A31,NA,NA,std3,E1,E2,NA,NA
10/24/2023,A31,NA,NA,std4,F1,F2,NA,NA
10/24/2023,A31,NA,NA,std5,G1,G2,NA,NA
10/24/2023,A31,NA,NA,std6,H1,H2,NA,NA
10/24/2023,A31,NA,NA,std7,A3,A4,NA,NA
10/24/2023,A31,NA,NA,std8,B3,B4,NA,NA
10/24/2023,A31,NA,NA,std9,C3,C4,NA,NA
10/24/2023,A31,100,MIXED,B540,NA,NA,D3,D4
10/24/2023,A31,100,MIXED,B571,E3,E4,F3,F4
10/24/2023,A31,100,MIXED,B572,G3,G4,H3,H4
10/24/2023,A31,100,MIXED,B478,A5,A6,NA,NA
10/24/2023,A31,100,MIXED,B566,NA,NA,B5,B6
10/24/2023,A31,100,MIXED,B547,NA,NA,D5,D6
10/24/2023,A31,100,MIXED,B444,E5,E6,NA,NA
10/24/2023,A31,100,MIXED,B531,F5,F6,H7,H8
10/24/2023,A31,100,MIXED,B530,G5,G6,H5,H6
10/24/2023,A31,100,MIXED,B540,A7,A8,NA,NA
10/24/2023,A31,100,MIXED,B523,NA,NA,C7,C8
10/24/2023,A31,100,MIXED,B528,D7,D8,NA,NA
10/24/2023,A31,100,MIXED,B529,F7,F8,G7,G8
10/24/2023,A31,100,MIXED,B532,A9,A10,B9,B10
10/24/2023,A31,100,MIXED,B481,C9,C10,D9,D10
10/24/2023,A31,100,MIXED,B508,E9,E10,NA,NA
10/24/2023,A31,100,MIXED,B512,G9,G10,H9,H10
10/24/2023,A31,100,MIXED,B513,A11,A12,B11,B12
10/24/2023,A31,100,MIXED,B514,C11,C12,NA,NNA
10/24/2023,A31,100,MIXED,B515,D11,D12,E11,E12
10/24/2023,A31,100,MIXED,B516,G11,G12,NA,NA
10/24/2023,A31,100,MIXED,B517,H11,H12,D3,D4
10/24/2023,A31,123.5,MIXED,B523,B7,B8,NA,NA
